{"v":"5.5.7","meta":{"g":"LottieFiles AE 0.1.20","a":"","k":"","d":"","tc":""},"fr":30,"ip":0,"op":511,"w":477,"h":600,"nm":" - anim logo color OK","ddd":0,"assets":[{"id":"comp_0","layers":[{"ddd":0,"ind":1,"ty":1,"nm":"outines rojos","sr":1,"ks":{"o":{"a":0,"k":100,"ix":11},"r":{"a":0,"k":0,"ix":10},"p":{"a":0,"k":[231.5,223,0],"ix":2},"a":{"a":0,"k":[960,540,0],"ix":1},"s":{"a":0,"k":[100,100,100],"ix":6}},"ao":0,"hasMask":true,"masksProperties":[{"inv":false,"mode":"f","pt":{"a":0,"k":{"i":[[0,0],[0,0],[0,0],[0,0],[0,0],[0,0],[0,0],[0,0],[0,0],[0,0]],"o":[[0,0],[0,0],[0,0],[0,0],[0,0],[0,0],[0,0],[0,0],[0,0],[0,0]],"v":[[1051.811,492.312],[1051.811,461.041],[959.648,407.603],[870.69,461.302],[870.69,602.476],[928.482,634.619],[951.582,619.54],[896.337,587.135],[896.337,475.719],[957.243,439.657]],"c":true},"ix":1},"o":{"a":0,"k":100,"ix":3},"x":{"a":0,"k":0,"ix":4},"nm":"Mask 1"},{"inv":false,"mode":"f","pt":{"a":0,"k":{"i":[[0,0],[0,0],[0,0],[0,0],[0,0],[0,0],[0,0],[0,0],[0,0],[0,0]],"o":[[0,0],[0,0],[0,0],[0,0],[0,0],[0,0],[0,0],[0,0],[0,0],[0,0]],"v":[[972.482,655.376],[1000.31,670.523],[1083.997,620.11],[1083.997,519.006],[958.151,448.062],[903.54,478.922],[903.54,510.996],[959.648,477.322],[1059.147,533.425],[1058.769,605.019]],"c":true},"ix":1},"o":{"a":0,"k":100,"ix":3},"x":{"a":0,"k":0,"ix":4},"nm":"Mask 2"},{"inv":false,"mode":"f","pt":{"a":0,"k":{"i":[[0,0],[0,0],[0,0],[0,0],[0,0],[0,0],[0,0],[0,0],[0,0],[0,0]],"o":[[0,0],[0,0],[0,0],[0,0],[0,0],[0,0],[0,0],[0,0],[0,0],[0,0]],"v":[[863.469,504.863],[836.042,519.857],[836.003,621.519],[928.295,672.397],[1051.811,599.137],[1051.811,539.165],[1026.622,524.673],[1026.183,586.33],[928.39,643.225],[863.469,607.161]],"c":true},"ix":1},"o":{"a":0,"k":100,"ix":3},"x":{"a":0,"k":0,"ix":4},"nm":"Mask 3"}],"ef":[{"ty":22,"nm":"Stroke","np":13,"mn":"ADBE Stroke","ix":1,"en":1,"ef":[{"ty":10,"nm":"Path","mn":"ADBE Stroke-0001","ix":1,"v":{"a":0,"k":1,"ix":1}},{"ty":7,"nm":"All Masks","mn":"ADBE Stroke-0010","ix":2,"v":{"a":0,"k":1,"ix":2}},{"ty":7,"nm":"Stroke Sequentially","mn":"ADBE Stroke-0011","ix":3,"v":{"a":0,"k":0,"ix":3}},{"ty":2,"nm":"Color","mn":"ADBE Stroke-0002","ix":4,"v":{"a":0,"k":[0.756862819195,0.164705887437,0.129411771894,1],"ix":4}},{"ty":0,"nm":"Brush Size","mn":"ADBE Stroke-0003","ix":5,"v":{"a":0,"k":2,"ix":5}},{"ty":0,"nm":"Brush Hardness","mn":"ADBE Stroke-0004","ix":6,"v":{"a":0,"k":0.75,"ix":6}},{"ty":0,"nm":"Opacity","mn":"ADBE Stroke-0005","ix":7,"v":{"a":0,"k":1,"ix":7}},{"ty":0,"nm":"Start","mn":"ADBE Stroke-0008","ix":8,"v":{"a":1,"k":[{"i":{"x":[0.667],"y":[1]},"o":{"x":[0.333],"y":[0]},"t":79.571,"s":[0]},{"t":131,"s":[100]}],"ix":8}},{"ty":0,"nm":"End","mn":"ADBE Stroke-0009","ix":9,"v":{"a":1,"k":[{"i":{"x":[0.667],"y":[1]},"o":{"x":[0.333],"y":[0]},"t":23,"s":[0]},{"t":90.591796875,"s":[100]}],"ix":9}},{"ty":7,"nm":"Spacing","mn":"ADBE Stroke-0006","ix":10,"v":{"a":0,"k":15,"ix":10}},{"ty":7,"nm":"Paint Style","mn":"ADBE Stroke-0007","ix":11,"v":{"a":0,"k":2,"ix":11}}]}],"sw":1920,"sh":1080,"sc":"#c12a21","ip":23,"op":131,"st":23,"bm":0},{"ddd":0,"ind":2,"ty":1,"nm":"sign","sr":1,"ks":{"o":{"a":1,"k":[{"i":{"x":[0.833],"y":[0.833]},"o":{"x":[0.167],"y":[0.167]},"t":55,"s":[0]},{"i":{"x":[0.833],"y":[0.833]},"o":{"x":[0.167],"y":[0.167]},"t":104,"s":[44]},{"t":139,"s":[100]}],"ix":11},"r":{"a":0,"k":0,"ix":10},"p":{"a":0,"k":[231.5,223,0],"ix":2},"a":{"a":0,"k":[960,540,0],"ix":1},"s":{"a":1,"k":[{"i":{"x":[0.833,0.833,0.833],"y":[0.833,0.833,1.198]},"o":{"x":[0.333,0.333,0.333],"y":[0,0,0]},"t":378,"s":[100,100,100]},{"t":507,"s":[83,83,100]}],"ix":6}},"ao":0,"hasMask":true,"masksProperties":[{"inv":false,"mode":"f","pt":{"a":0,"k":{"i":[[0,0],[0,0],[0,0],[0,0],[0,0],[0,0],[0,0],[0,0],[0,0],[0,0]],"o":[[0,0],[0,0],[0,0],[0,0],[0,0],[0,0],[0,0],[0,0],[0,0],[0,0]],"v":[[1051.811,492.312],[1051.811,461.041],[959.648,407.603],[870.69,461.302],[870.69,602.476],[928.482,634.619],[951.582,619.54],[896.337,587.135],[896.337,475.719],[957.243,439.657]],"c":true},"ix":1},"o":{"a":0,"k":100,"ix":3},"x":{"a":0,"k":0,"ix":4},"nm":"Mask 1"},{"inv":false,"mode":"f","pt":{"a":0,"k":{"i":[[0,0],[0,0],[0,0],[0,0],[0,0],[0,0],[0,0],[0,0],[0,0],[0,0]],"o":[[0,0],[0,0],[0,0],[0,0],[0,0],[0,0],[0,0],[0,0],[0,0],[0,0]],"v":[[972.482,655.376],[1000.31,670.523],[1083.997,620.11],[1083.997,519.006],[958.151,448.062],[903.54,478.922],[903.54,510.996],[959.648,477.322],[1059.147,533.425],[1058.769,605.019]],"c":true},"ix":1},"o":{"a":0,"k":100,"ix":3},"x":{"a":0,"k":0,"ix":4},"nm":"Mask 2"},{"inv":false,"mode":"f","pt":{"a":0,"k":{"i":[[0,0],[0,0],[0,0],[0,0],[0,0],[0,0],[0,0],[0,0],[0,0],[0,0]],"o":[[0,0],[0,0],[0,0],[0,0],[0,0],[0,0],[0,0],[0,0],[0,0],[0,0]],"v":[[863.469,504.863],[836.042,519.857],[836.003,621.519],[928.295,672.397],[1051.811,599.137],[1051.811,539.165],[1026.622,524.673],[1026.183,586.33],[928.39,643.225],[863.469,607.161]],"c":true},"ix":1},"o":{"a":0,"k":100,"ix":3},"x":{"a":0,"k":0,"ix":4},"nm":"Mask 3"}],"ef":[{"ty":20,"nm":"Tint","np":6,"mn":"ADBE Tint","ix":1,"en":1,"ef":[{"ty":2,"nm":"Map Black To","mn":"ADBE Tint-0001","ix":1,"v":{"a":0,"k":[1,1,1,1],"ix":1}},{"ty":2,"nm":"Map White To","mn":"ADBE Tint-0002","ix":2,"v":{"a":0,"k":[1,1,1,0],"ix":2}},{"ty":0,"nm":"Amount to Tint","mn":"ADBE Tint-0003","ix":3,"v":{"a":0,"k":100,"ix":3}},{"ty":6,"nm":"","mn":"ADBE Tint-0004","ix":4,"v":0}]}],"sw":1920,"sh":1080,"sc":"#c12a21","ip":55,"op":3355,"st":55,"bm":0},{"ddd":0,"ind":3,"ty":1,"nm":"outines azules","sr":1,"ks":{"o":{"a":0,"k":100,"ix":11},"r":{"a":0,"k":0,"ix":10},"p":{"a":0,"k":[231.5,236,0],"ix":2},"a":{"a":0,"k":[960,540,0],"ix":1},"s":{"a":0,"k":[100,100,100],"ix":6}},"ao":0,"hasMask":true,"masksProperties":[{"inv":false,"mode":"f","pt":{"a":0,"k":{"i":[[0,0],[4.171,2.5],[5.211,0.029],[0,0],[4.189,-2.446],[2.559,-4.578],[0,0],[0.018,-4.825],[-2.446,-4.529],[0,0],[-4.153,-2.502],[-5.216,-0.036],[0,0],[-4.169,2.437],[-2.541,4.579],[0,0],[-0.018,4.838],[2.444,4.531]],"o":[[-2.541,-4.578],[-4.169,-2.446],[0,0],[-5.216,0.029],[-4.153,2.5],[0,0],[-2.446,4.531],[0.018,4.838],[0,0],[2.559,4.579],[4.189,2.437],[0,0],[5.211,-0.036],[4.171,-2.502],[0,0],[2.444,-4.529],[-0.018,-4.825],[0,0]],"v":[[1071.372,366.752],[1060.93,356.375],[1046.824,352.218],[873.176,352.218],[859.052,356.375],[848.625,366.752],[761.375,525.794],[758.038,539.996],[761.375,554.199],[848.625,713.243],[859.052,723.631],[873.176,727.782],[1046.824,727.782],[1060.93,723.631],[1071.372,713.243],[1158.607,554.199],[1161.962,539.996],[1158.607,525.794]],"c":true},"ix":1},"o":{"a":0,"k":100,"ix":3},"x":{"a":0,"k":0,"ix":4},"nm":"Mask 1"},{"inv":false,"mode":"f","pt":{"a":0,"k":{"i":[[2.025,-3.182],[0,0],[1.933,-1.099],[1.026,0.041],[0,0],[1.915,1.175],[0.454,0.909],[0,0],[-0.038,2.392],[-0.588,0.95],[0,0],[-1.933,1.104],[-1.008,-0.041],[0,0],[-1.912,-1.169],[-0.455,-0.913],[0,0],[0.038,-2.378]],"o":[[0,0],[-1.086,2.01],[-1.912,1.175],[0,0],[-1.008,0.041],[-1.933,-1.099],[0,0],[-0.588,-0.952],[-0.038,-2.378],[0,0],[0.454,-0.913],[1.915,-1.169],[0,0],[1.026,-0.041],[1.933,1.104],[0,0],[0.567,0.95],[0.038,2.392]],"v":[[1141.7,545.714],[1054.445,704.772],[1051.414,708.461],[1046.824,710.153],[873.176,710.153],[868.037,708.448],[864.076,704.772],[776.841,545.714],[775.668,539.996],[776.841,534.277],[864.076,375.239],[868.037,371.543],[873.176,369.845],[1046.824,369.845],[1051.961,371.543],[1055.922,375.239],[1142.281,532.787],[1144.086,539.164]],"c":true},"ix":1},"o":{"a":0,"k":100,"ix":3},"x":{"a":0,"k":0,"ix":4},"nm":"Mask 2"}],"ef":[{"ty":22,"nm":"Stroke","np":13,"mn":"ADBE Stroke","ix":1,"en":1,"ef":[{"ty":10,"nm":"Path","mn":"ADBE Stroke-0001","ix":1,"v":{"a":0,"k":1,"ix":1}},{"ty":7,"nm":"All Masks","mn":"ADBE Stroke-0010","ix":2,"v":{"a":0,"k":1,"ix":2}},{"ty":7,"nm":"Stroke Sequentially","mn":"ADBE Stroke-0011","ix":3,"v":{"a":0,"k":0,"ix":3}},{"ty":2,"nm":"Color","mn":"ADBE Stroke-0002","ix":4,"v":{"a":0,"k":[0,0.247058838606,0.635294139385,1],"ix":4}},{"ty":0,"nm":"Brush Size","mn":"ADBE Stroke-0003","ix":5,"v":{"a":0,"k":2,"ix":5}},{"ty":0,"nm":"Brush Hardness","mn":"ADBE Stroke-0004","ix":6,"v":{"a":0,"k":0.75,"ix":6}},{"ty":0,"nm":"Opacity","mn":"ADBE Stroke-0005","ix":7,"v":{"a":0,"k":1,"ix":7}},{"ty":0,"nm":"Start","mn":"ADBE Stroke-0008","ix":8,"v":{"a":1,"k":[{"i":{"x":[0.667],"y":[1]},"o":{"x":[0.333],"y":[0]},"t":56.571,"s":[0]},{"t":108,"s":[100]}],"ix":8}},{"ty":0,"nm":"End","mn":"ADBE Stroke-0009","ix":9,"v":{"a":1,"k":[{"i":{"x":[0.667],"y":[1]},"o":{"x":[0.333],"y":[0]},"t":0,"s":[0]},{"t":67.591796875,"s":[100]}],"ix":9}},{"ty":7,"nm":"Spacing","mn":"ADBE Stroke-0006","ix":10,"v":{"a":0,"k":15,"ix":10}},{"ty":7,"nm":"Paint Style","mn":"ADBE Stroke-0007","ix":11,"v":{"a":0,"k":2,"ix":11}}]}],"sw":1920,"sh":1080,"sc":"#003fa2","ip":0,"op":110,"st":0,"bm":0},{"ddd":0,"ind":4,"ty":1,"nm":"sign outline","sr":1,"ks":{"o":{"a":1,"k":[{"i":{"x":[0.833],"y":[0.833]},"o":{"x":[0.167],"y":[0.167]},"t":34,"s":[0]},{"i":{"x":[0.833],"y":[0.833]},"o":{"x":[0.167],"y":[0.167]},"t":83,"s":[44]},{"t":118,"s":[100]}],"ix":11},"r":{"a":0,"k":0,"ix":10},"p":{"a":0,"k":[231.5,236,0],"ix":2},"a":{"a":0,"k":[960,540,0],"ix":1},"s":{"a":0,"k":[99,99,100],"ix":6}},"ao":0,"hasMask":true,"masksProperties":[{"inv":false,"mode":"f","pt":{"a":0,"k":{"i":[[0,0],[4.171,2.5],[5.211,0.029],[0,0],[4.189,-2.446],[2.559,-4.578],[0,0],[0.018,-4.825],[-2.446,-4.529],[0,0],[-4.153,-2.502],[-5.216,-0.036],[0,0],[-4.169,2.437],[-2.541,4.579],[0,0],[-0.018,4.838],[2.444,4.531]],"o":[[-2.541,-4.578],[-4.169,-2.446],[0,0],[-5.216,0.029],[-4.153,2.5],[0,0],[-2.446,4.531],[0.018,4.838],[0,0],[2.559,4.579],[4.189,2.437],[0,0],[5.211,-0.036],[4.171,-2.502],[0,0],[2.444,-4.529],[-0.018,-4.825],[0,0]],"v":[[1071.372,366.752],[1060.93,356.375],[1046.824,352.218],[873.176,352.218],[859.052,356.375],[848.625,366.752],[761.375,525.794],[758.038,539.996],[761.375,554.199],[848.625,713.243],[859.052,723.631],[873.176,727.782],[1046.824,727.782],[1060.93,723.631],[1071.372,713.243],[1158.607,554.199],[1161.962,539.996],[1158.607,525.794]],"c":true},"ix":1},"o":{"a":0,"k":100,"ix":3},"x":{"a":0,"k":0,"ix":4},"nm":"Mask 1"}],"ef":[{"ty":20,"nm":"Tint","np":6,"mn":"ADBE Tint","ix":1,"en":1,"ef":[{"ty":2,"nm":"Map Black To","mn":"ADBE Tint-0001","ix":1,"v":{"a":0,"k":[1,1,1,1],"ix":1}},{"ty":2,"nm":"Map White To","mn":"ADBE Tint-0002","ix":2,"v":{"a":0,"k":[1,1,1,0],"ix":2}},{"ty":0,"nm":"Amount to Tint","mn":"ADBE Tint-0003","ix":3,"v":{"a":0,"k":100,"ix":3}},{"ty":6,"nm":"","mn":"ADBE Tint-0004","ix":4,"v":0}]},{"ty":22,"nm":"Stroke","np":13,"mn":"ADBE Stroke","ix":2,"en":1,"ef":[{"ty":10,"nm":"Path","mn":"ADBE Stroke-0001","ix":1,"v":{"a":0,"k":1,"ix":1}},{"ty":7,"nm":"All Masks","mn":"ADBE Stroke-0010","ix":2,"v":{"a":0,"k":0,"ix":2}},{"ty":7,"nm":"Stroke Sequentially","mn":"ADBE Stroke-0011","ix":3,"v":{"a":0,"k":1,"ix":3}},{"ty":2,"nm":"Color","mn":"ADBE Stroke-0002","ix":4,"v":{"a":0,"k":[1,1,1,1],"ix":4}},{"ty":0,"nm":"Brush Size","mn":"ADBE Stroke-0003","ix":5,"v":{"a":0,"k":18,"ix":5}},{"ty":0,"nm":"Brush Hardness","mn":"ADBE Stroke-0004","ix":6,"v":{"a":0,"k":0.75,"ix":6}},{"ty":0,"nm":"Opacity","mn":"ADBE Stroke-0005","ix":7,"v":{"a":0,"k":1,"ix":7}},{"ty":0,"nm":"Start","mn":"ADBE Stroke-0008","ix":8,"v":{"a":0,"k":0,"ix":8}},{"ty":0,"nm":"End","mn":"ADBE Stroke-0009","ix":9,"v":{"a":0,"k":100,"ix":9}},{"ty":7,"nm":"Spacing","mn":"ADBE Stroke-0006","ix":10,"v":{"a":0,"k":15,"ix":10}},{"ty":7,"nm":"Paint Style","mn":"ADBE Stroke-0007","ix":11,"v":{"a":0,"k":3,"ix":11}}]}],"sw":1920,"sh":1080,"sc":"#003fa2","ip":32,"op":3332,"st":32,"bm":0},{"ddd":0,"ind":5,"ty":1,"nm":"outines azules logotipo","sr":1,"ks":{"o":{"a":0,"k":100,"ix":11},"r":{"a":0,"k":0,"ix":10},"p":{"a":0,"k":[231.5,236,0],"ix":2},"a":{"a":0,"k":[960,540,0],"ix":1},"s":{"a":0,"k":[100,100,100],"ix":6}},"ao":0,"hasMask":true,"masksProperties":[{"inv":false,"mode":"f","pt":{"a":0,"k":{"i":[[0,0],[0,0],[0,0],[0,0],[0,0],[0,0]],"o":[[0,0],[0,0],[0,0],[0,0],[0,0],[0,0]],"v":[[749.464,775.382],[773.437,834.432],[797.729,775.382],[812.05,775.382],[773.155,867],[735.167,775.382]],"c":true},"ix":1},"o":{"a":0,"k":100,"ix":3},"x":{"a":0,"k":0,"ix":4},"nm":"Mask 6"},{"inv":false,"mode":"f","pt":{"a":0,"k":{"i":[[0,0],[0,0],[0,0],[0,0]],"o":[[0,0],[0,0],[0,0],[0,0]],"v":[[828.995,775.382],[828.995,860.614],[815.94,860.614],[815.94,775.382]],"c":true},"ix":1},"o":{"a":0,"k":100,"ix":3},"x":{"a":0,"k":0,"ix":4},"nm":"Mask 7"},{"inv":false,"mode":"f","pt":{"a":0,"k":{"i":[[0,0],[0,0],[0,0],[0,0],[0,0],[0,0],[0,0],[0,0],[0,0],[0,0]],"o":[[0,0],[0,0],[0,0],[0,0],[0,0],[0,0],[0,0],[0,0],[0,0],[0,0]],"v":[[839.915,860.614],[858.142,769],[887.896,835.21],[918.724,769],[935.104,860.614],[921.691,860.614],[913.324,809.178],[887.671,864.517],[862.752,809.11],[853.44,860.614]],"c":true},"ix":1},"o":{"a":0,"k":100,"ix":3},"x":{"a":0,"k":0,"ix":4},"nm":"Mask 8"},{"inv":false,"mode":"f","pt":{"a":0,"k":{"i":[[0,0],[0,0],[0,0],[0,0],[0,0],[0,0],[0,0],[0,0],[0,0],[0,0]],"o":[[0,0],[0,0],[0,0],[0,0],[0,0],[0,0],[0,0],[0,0],[0,0],[0,0]],"v":[[1016.84,787.472],[986.638,787.472],[986.638,807.938],[1015.765,807.938],[1015.765,820.037],[986.638,820.037],[986.638,860.614],[973.566,860.614],[973.566,775.382],[1016.84,775.382]],"c":true},"ix":1},"o":{"a":0,"k":100,"ix":3},"x":{"a":0,"k":0,"ix":4},"nm":"Mask 10"},{"inv":false,"mode":"f","pt":{"a":0,"k":{"i":[[0,0],[0,0],[0,0],[0,0]],"o":[[0,0],[0,0],[0,0],[0,0]],"v":[[959.621,775.382],[959.621,860.614],[946.554,860.614],[946.554,775.382]],"c":true},"ix":1},"o":{"a":0,"k":100,"ix":3},"x":{"a":0,"k":0,"ix":4},"nm":"Mask 9"},{"inv":false,"mode":"f","pt":{"a":0,"k":{"i":[[0,13.651],[-8.926,8.612],[-12.508,0],[-8.839,-8.688],[0,-12.166],[8.9,-8.557],[12.657,0],[8.891,7.638]],"o":[[0,-11.982],[8.917,-8.604],[12.336,0],[8.859,8.672],[0,12.248],[-8.956,8.557],[-11.164,0],[-9.785,-8.407]],"v":[[1024.634,817.609],[1038.046,786.697],[1070.163,773.773],[1101.936,786.809],[1115.236,818.104],[1101.877,849.3],[1069.481,862.147],[1039.351,850.717]],"c":true},"ix":1},"o":{"a":0,"k":100,"ix":3},"x":{"a":0,"k":0,"ix":4},"nm":"Mask 11"},{"inv":false,"mode":"f","pt":{"a":0,"k":{"i":[[0,-8.972],[-6.431,-6.089],[-8.368,0],[-6.252,6.173],[0,8.954],[6.198,6.151],[9.028,0],[6.218,-6.178]],"o":[[0,9.406],[6.406,6.065],[9.089,0],[6.25,-6.263],[0,-9.096],[-6.119,-6.178],[-9.03,0],[-6.21,6.101]],"v":[[1037.821,817.753],[1047.491,840.968],[1069.67,850.075],[1092.66,840.802],[1102.051,817.98],[1092.773,795.132],[1070.01,785.877],[1047.151,795.132]],"c":true},"ix":1},"o":{"a":0,"k":100,"ix":3},"x":{"a":0,"k":0,"ix":4},"nm":"Mask 12"},{"inv":false,"mode":"f","pt":{"a":0,"k":{"i":[[-5.588,-9.528],[0,0],[1.796,1.021],[2.983,0],[2.382,-2.042],[0,-3.021],[-6.308,-2.551],[0,0],[-3.268,-4.034],[0,-5.867],[5.288,-5.119],[7.936,0],[4.893,4.382],[1.207,7.956],[0,0],[-1.493,-1.919],[-5.172,0],[-2.683,2.7],[0,4.121],[0.46,1.39],[1.001,1.162],[1.563,1.008],[2.156,0.924],[0,0],[0,9.492],[-4.986,4.29],[-7.409,0]],"o":[[0,0],[-2.003,-3.373],[-1.87,-1.172],[-3.63,0],[-2.399,1.98],[0,4.164],[0,0],[7.027,2.825],[3.267,4.033],[0,7.847],[-5.385,5.159],[-7.536,0],[-4.838,-4.421],[0,0],[0.586,5.015],[2.702,3.682],[4.083,0],[2.722,-2.683],[0,-1.642],[-0.487,-1.379],[-1.002,-1.163],[-1.565,-1.009],[0,0],[-11.88,-4.932],[0,-6.406],[4.952,-4.335],[9.994,0]],"v":[[1170.024,788.017],[1159.448,794.197],[1153.762,787.584],[1146.509,785.809],[1137.476,788.871],[1133.89,796.36],[1143.332,806.42],[1151.966,809.885],[1167.401,820.141],[1172.273,834.973],[1164.322,854.419],[1144.391,862.147],[1125.766,855.573],[1116.717,837.039],[1129.958,834.16],[1133.096,844.542],[1144.898,850.075],[1155.046,846.033],[1159.088,835.831],[1158.405,831.278],[1156.199,827.473],[1152.362,824.233],[1146.753,821.326],[1138.385,817.906],[1120.588,796.284],[1128.07,780.235],[1146.64,773.72]],"c":true},"ix":1},"o":{"a":0,"k":100,"ix":3},"x":{"a":0,"k":0,"ix":4},"nm":"Mask 13"}],"ef":[{"ty":22,"nm":"Stroke","np":13,"mn":"ADBE Stroke","ix":1,"en":1,"ef":[{"ty":10,"nm":"Path","mn":"ADBE Stroke-0001","ix":1,"v":{"a":0,"k":0,"ix":1}},{"ty":7,"nm":"All Masks","mn":"ADBE Stroke-0010","ix":2,"v":{"a":0,"k":1,"ix":2}},{"ty":7,"nm":"Stroke Sequentially","mn":"ADBE Stroke-0011","ix":3,"v":{"a":0,"k":0,"ix":3}},{"ty":2,"nm":"Color","mn":"ADBE Stroke-0002","ix":4,"v":{"a":0,"k":[0,0.247058838606,0.635294139385,1],"ix":4}},{"ty":0,"nm":"Brush Size","mn":"ADBE Stroke-0003","ix":5,"v":{"a":0,"k":2,"ix":5}},{"ty":0,"nm":"Brush Hardness","mn":"ADBE Stroke-0004","ix":6,"v":{"a":0,"k":0.75,"ix":6}},{"ty":0,"nm":"Opacity","mn":"ADBE Stroke-0005","ix":7,"v":{"a":0,"k":1,"ix":7}},{"ty":0,"nm":"Start","mn":"ADBE Stroke-0008","ix":8,"v":{"a":1,"k":[{"i":{"x":[0.667],"y":[1]},"o":{"x":[0.333],"y":[0]},"t":153.571,"s":[0]},{"t":205,"s":[100]}],"ix":8}},{"ty":0,"nm":"End","mn":"ADBE Stroke-0009","ix":9,"v":{"a":1,"k":[{"i":{"x":[0.667],"y":[1]},"o":{"x":[0.333],"y":[0]},"t":97,"s":[0]},{"t":164.591796875,"s":[100]}],"ix":9}},{"ty":7,"nm":"Spacing","mn":"ADBE Stroke-0006","ix":10,"v":{"a":0,"k":15,"ix":10}},{"ty":7,"nm":"Paint Style","mn":"ADBE Stroke-0007","ix":11,"v":{"a":0,"k":2,"ix":11}}]}],"sw":1920,"sh":1080,"sc":"#003fa2","ip":97,"op":207,"st":97,"bm":0},{"ddd":0,"ind":6,"ty":1,"nm":"Vimifos logo 2","sr":1,"ks":{"o":{"a":1,"k":[{"i":{"x":[0.833],"y":[0.833]},"o":{"x":[0.167],"y":[0.167]},"t":119,"s":[0]},{"i":{"x":[0.667],"y":[1]},"o":{"x":[0.167],"y":[0]},"t":168,"s":[100]},{"i":{"x":[0.667],"y":[1]},"o":{"x":[0.333],"y":[0]},"t":421,"s":[100]},{"t":451,"s":[0]}],"ix":11},"r":{"a":0,"k":0,"ix":10},"p":{"a":0,"k":[225.5,306,0],"ix":2},"a":{"a":0,"k":[960,540,0],"ix":1},"s":{"a":1,"k":[{"i":{"x":[0.667,0.667,0.667],"y":[1,1,1]},"o":{"x":[0.333,0.333,0.333],"y":[0,0,0]},"t":421,"s":[72.13,72.13,100]},{"t":451,"s":[70,70,100]}],"ix":6}},"ao":0,"hasMask":true,"masksProperties":[{"inv":false,"mode":"f","pt":{"a":0,"k":{"i":[[0,0],[0,0],[0,0],[0,0],[0,0],[0,0]],"o":[[0,0],[0,0],[0,0],[0,0],[0,0],[0,0]],"v":[[675.721,768.277],[709.085,850.462],[742.895,768.277],[762.826,768.277],[708.693,895.79],[655.821,768.277]],"c":true},"ix":1},"o":{"a":0,"k":100,"ix":3},"x":{"a":0,"k":0,"ix":4},"nm":"Mask 6"}],"sw":1920,"sh":1080,"sc":"#ffffff","ip":119,"op":1937,"st":119,"bm":0},{"ddd":0,"ind":7,"ty":1,"nm":"Vimifos logo 3","sr":1,"ks":{"o":{"a":1,"k":[{"i":{"x":[0.833],"y":[0.833]},"o":{"x":[0.167],"y":[0.167]},"t":132,"s":[0]},{"i":{"x":[0.667],"y":[1]},"o":{"x":[0.167],"y":[0]},"t":175,"s":[100]},{"i":{"x":[0.667],"y":[1]},"o":{"x":[0.333],"y":[0]},"t":429,"s":[100]},{"t":459,"s":[0]}],"ix":11},"r":{"a":0,"k":0,"ix":10},"p":{"a":0,"k":[225.5,306,0],"ix":2},"a":{"a":0,"k":[960,540,0],"ix":1},"s":{"a":1,"k":[{"i":{"x":[0.667,0.667,0.667],"y":[1,1,1]},"o":{"x":[0.333,0.333,0.333],"y":[0,0,0]},"t":429,"s":[72.13,72.13,100]},{"t":459,"s":[70,70,100]}],"ix":6}},"ao":0,"hasMask":true,"masksProperties":[{"inv":false,"mode":"f","pt":{"a":0,"k":{"i":[[0,0],[0,0],[0,0],[0,0]],"o":[[0,0],[0,0],[0,0],[0,0]],"v":[[786.41,768.277],[786.41,886.902],[768.241,886.902],[768.241,768.277]],"c":true},"ix":1},"o":{"a":0,"k":100,"ix":3},"x":{"a":0,"k":0,"ix":4},"nm":"Mask 7"}],"sw":1920,"sh":1080,"sc":"#ffffff","ip":132,"op":1950,"st":132,"bm":0},{"ddd":0,"ind":8,"ty":1,"nm":"Vimifos logo 4","sr":1,"ks":{"o":{"a":1,"k":[{"i":{"x":[0.833],"y":[0.833]},"o":{"x":[0.167],"y":[0.167]},"t":143,"s":[0]},{"i":{"x":[0.667],"y":[1]},"o":{"x":[0.167],"y":[0]},"t":188,"s":[100]},{"i":{"x":[0.667],"y":[1]},"o":{"x":[0.333],"y":[0]},"t":438,"s":[100]},{"t":468,"s":[0]}],"ix":11},"r":{"a":0,"k":0,"ix":10},"p":{"a":0,"k":[225.5,306,0],"ix":2},"a":{"a":0,"k":[960,540,0],"ix":1},"s":{"a":1,"k":[{"i":{"x":[0.667,0.667,0.667],"y":[1,1,1]},"o":{"x":[0.333,0.333,0.333],"y":[0,0,0]},"t":438,"s":[72.13,72.13,100]},{"t":468,"s":[70,70,100]}],"ix":6}},"ao":0,"hasMask":true,"masksProperties":[{"inv":false,"mode":"f","pt":{"a":0,"k":{"i":[[0,0],[0,0],[0,0],[0,0],[0,0],[0,0],[0,0],[0,0],[0,0],[0,0]],"o":[[0,0],[0,0],[0,0],[0,0],[0,0],[0,0],[0,0],[0,0],[0,0],[0,0]],"v":[[801.609,886.902],[826.977,759.394],[868.387,851.544],[911.294,759.394],[934.091,886.902],[915.423,886.902],[903.778,815.314],[868.074,892.334],[833.393,815.22],[820.433,886.902]],"c":true},"ix":1},"o":{"a":0,"k":100,"ix":3},"x":{"a":0,"k":0,"ix":4},"nm":"Mask 8"}],"sw":1920,"sh":1080,"sc":"#ffffff","ip":143,"op":1961,"st":143,"bm":0},{"ddd":0,"ind":9,"ty":1,"nm":"Vimifos logo 5","sr":1,"ks":{"o":{"a":1,"k":[{"i":{"x":[0.833],"y":[0.833]},"o":{"x":[0.167],"y":[0.167]},"t":153,"s":[0]},{"i":{"x":[0.667],"y":[1]},"o":{"x":[0.167],"y":[0]},"t":212,"s":[100]},{"i":{"x":[0.667],"y":[1]},"o":{"x":[0.333],"y":[0]},"t":448,"s":[100]},{"t":478,"s":[0]}],"ix":11},"r":{"a":0,"k":0,"ix":10},"p":{"a":0,"k":[225.5,306,0],"ix":2},"a":{"a":0,"k":[960,540,0],"ix":1},"s":{"a":1,"k":[{"i":{"x":[0.667,0.667,0.667],"y":[1,1,1]},"o":{"x":[0.333,0.333,0.333],"y":[0,0,0]},"t":448,"s":[72.13,72.13,100]},{"t":478,"s":[70,70,100]}],"ix":6}},"ao":0,"hasMask":true,"masksProperties":[{"inv":false,"mode":"f","pt":{"a":0,"k":{"i":[[0,0],[0,0],[0,0],[0,0]],"o":[[0,0],[0,0],[0,0],[0,0]],"v":[[968.214,768.277],[968.214,886.902],[950.026,886.902],[950.026,768.277]],"c":true},"ix":1},"o":{"a":0,"k":100,"ix":3},"x":{"a":0,"k":0,"ix":4},"nm":"Mask 9"}],"sw":1920,"sh":1080,"sc":"#ffffff","ip":153,"op":1971,"st":153,"bm":0},{"ddd":0,"ind":10,"ty":1,"nm":"Vimifos logo 6","sr":1,"ks":{"o":{"a":1,"k":[{"i":{"x":[0.833],"y":[0.833]},"o":{"x":[0.167],"y":[0.167]},"t":164,"s":[0]},{"i":{"x":[0.833],"y":[0.833]},"o":{"x":[0.167],"y":[0.167]},"t":225,"s":[100]},{"i":{"x":[0.833],"y":[0.833]},"o":{"x":[0.167],"y":[0.167]},"t":455,"s":[100]},{"t":485,"s":[0]}],"ix":11},"r":{"a":0,"k":0,"ix":10},"p":{"a":0,"k":[225.5,306,0],"ix":2},"a":{"a":0,"k":[960,540,0],"ix":1},"s":{"a":1,"k":[{"i":{"x":[0.667,0.667,0.667],"y":[1,1,1]},"o":{"x":[0.333,0.333,0.333],"y":[0,0,0]},"t":455,"s":[72.13,72.13,100]},{"t":485,"s":[70,70,100]}],"ix":6}},"ao":0,"hasMask":true,"masksProperties":[{"inv":false,"mode":"f","pt":{"a":0,"k":{"i":[[0,0],[0,0],[0,0],[0,0],[0,0],[0,0],[0,0],[0,0],[0,0],[0,0]],"o":[[0,0],[0,0],[0,0],[0,0],[0,0],[0,0],[0,0],[0,0],[0,0],[0,0]],"v":[[1047.85,785.104],[1005.815,785.104],[1005.815,813.589],[1046.353,813.589],[1046.353,830.428],[1005.815,830.428],[1005.815,886.902],[987.622,886.902],[987.622,768.277],[1047.85,768.277]],"c":true},"ix":1},"o":{"a":0,"k":100,"ix":3},"x":{"a":0,"k":0,"ix":4},"nm":"Mask 10"}],"sw":1920,"sh":1080,"sc":"#ffffff","ip":164,"op":1982,"st":164,"bm":0},{"ddd":0,"ind":11,"ty":5,"nm":"O 2","sr":1,"ks":{"o":{"a":1,"k":[{"i":{"x":[0.833],"y":[0.833]},"o":{"x":[0.167],"y":[0.167]},"t":176,"s":[0]},{"i":{"x":[0.667],"y":[1]},"o":{"x":[0.167],"y":[0]},"t":249,"s":[100]},{"i":{"x":[0.667],"y":[1]},"o":{"x":[0.333],"y":[0]},"t":466,"s":[100]},{"t":496,"s":[0]}],"ix":11},"r":{"a":0,"k":0,"ix":10},"p":{"a":1,"k":[{"i":{"x":0.667,"y":1},"o":{"x":0.333,"y":0},"t":466,"s":[340.5,514.5,0],"to":[-1.167,-0.833,0],"ti":[1.167,0.833,0]},{"t":496,"s":[333.5,509.5,0]}],"ix":2},"a":{"a":0,"k":[86,-69,0],"ix":1},"s":{"a":1,"k":[{"i":{"x":[0.667,0.667,0.667],"y":[1,1,1]},"o":{"x":[0.333,0.333,0.333],"y":[0,0,0]},"t":466,"s":[56,56,100]},{"t":496,"s":[52,52,100]}],"ix":6}},"ao":0,"t":{"d":{"k":[{"s":{"s":207,"f":"GothamMedium","t":"O","j":0,"tr":0,"lh":248.4,"ls":0,"fc":[1,1,1]},"t":0}]},"p":{},"m":{"g":1,"a":{"a":0,"k":[0,0],"ix":2}},"a":[]},"ip":176,"op":3476,"st":176,"bm":0},{"ddd":0,"ind":14,"ty":1,"nm":"Vimifos logo 8","sr":1,"ks":{"o":{"a":1,"k":[{"i":{"x":[0.833],"y":[0.833]},"o":{"x":[0.167],"y":[0.167]},"t":187,"s":[0]},{"i":{"x":[0.833],"y":[0.833]},"o":{"x":[0.167],"y":[0.167]},"t":274,"s":[100]},{"i":{"x":[0.833],"y":[0.833]},"o":{"x":[0.167],"y":[0.167]},"t":476,"s":[100]},{"t":506,"s":[0]}],"ix":11},"r":{"a":0,"k":0,"ix":10},"p":{"a":0,"k":[225.5,306,0],"ix":2},"a":{"a":0,"k":[960,540,0],"ix":1},"s":{"a":1,"k":[{"i":{"x":[0.667,0.667,0.667],"y":[1,1,1]},"o":{"x":[0.333,0.333,0.333],"y":[0,0,0]},"t":476,"s":[72.13,72.13,100]},{"t":506,"s":[70,70,100]}],"ix":6}},"ao":0,"hasMask":true,"masksProperties":[{"inv":false,"mode":"f","pt":{"a":0,"k":{"i":[[-7.777,-13.261],[0,0],[2.499,1.421],[4.152,0],[3.315,-2.842],[0,-4.205],[-8.779,-3.55],[0,0],[-4.55,-5.612],[0,-8.166],[7.359,-7.125],[11.045,0],[6.811,6.099],[1.68,11.073],[0,0],[-2.079,-2.672],[-7.199,0],[-3.735,3.757],[0,5.736],[0.64,1.935],[1.393,1.617],[2.183,1.392],[3,1.286],[0,0],[0,13.21],[-6.94,5.97],[-10.311,0]],"o":[[0,0],[-2.788,-4.694],[-2.603,-1.631],[-5.052,0],[-3.339,2.756],[0,5.795],[0,0],[9.78,3.932],[4.547,5.613],[0,10.922],[-7.495,7.181],[-10.489,0],[-6.733,-6.153],[0,0],[0.815,6.98],[3.76,5.124],[5.683,0],[3.789,-3.735],[0,-2.286],[-0.678,-1.919],[-1.395,-1.618],[-2.179,-1.405],[0,0],[-16.535,-6.864],[0,-8.916],[6.893,-6.033],[13.91,0]],"v":[[1261.049,785.862],[1246.33,794.464],[1238.415,785.26],[1228.322,782.79],[1215.75,787.052],[1210.758,797.474],[1223.899,811.476],[1235.916,816.298],[1257.399,830.572],[1264.179,851.215],[1253.113,878.28],[1225.373,889.035],[1199.451,879.885],[1186.857,854.091],[1205.286,850.083],[1209.654,864.532],[1226.079,872.234],[1240.202,866.608],[1245.828,852.409],[1244.878,846.073],[1241.808,840.777],[1236.467,836.267],[1228.66,832.221],[1217.014,827.461],[1192.244,797.368],[1202.658,775.032],[1228.504,765.964]],"c":true},"ix":1},"o":{"a":0,"k":100,"ix":3},"x":{"a":0,"k":0,"ix":4},"nm":"Mask 13"}],"sw":1920,"sh":1080,"sc":"#ffffff","ip":187,"op":2005,"st":187,"bm":0}]}],"fonts":{"list":[{"fName":"GothamMedium","fFamily":"Gotham Medium","fStyle":"Regular","ascent":76.2384497560561}]},"layers":[{"ddd":0,"ind":1,"ty":0,"nm":"anim logo 2","refId":"comp_0","sr":1,"ks":{"o":{"a":1,"k":[{"i":{"x":[0.833],"y":[0.833]},"o":{"x":[0.167],"y":[0.167]},"t":452,"s":[100]},{"t":510,"s":[0]}],"ix":11},"r":{"a":0,"k":0,"ix":10},"p":{"a":0,"k":[238.5,300,0],"ix":2},"a":{"a":0,"k":[227.5,300,0],"ix":1},"s":{"a":1,"k":[{"i":{"x":[0.462,0.462,0.667],"y":[1.151,1.151,1]},"o":{"x":[0.167,0.167,0.167],"y":[0.167,0.167,-0.36]},"t":2,"s":[118,118,100]},{"i":{"x":[0.833,0.833,0.833],"y":[1,1,1]},"o":{"x":[0.167,0.167,0.167],"y":[0,0,0]},"t":225,"s":[97,97,100]},{"i":{"x":[0.833,0.833,0.833],"y":[0.833,0.833,1.48]},"o":{"x":[0.601,0.601,0.333],"y":[-0.005,-0.005,0]},"t":380,"s":[97,97,100]},{"t":510,"s":[80,80,100]}],"ix":6}},"ao":0,"w":455,"h":600,"ip":2,"op":812,"st":2,"bm":0}],"markers":[],"chars":[{"ch":"O","size":207,"style":"Regular","w":85,"data":{"shapes":[{"ty":"gr","it":[{"ind":0,"ty":"sh","ix":1,"ks":{"a":0,"k":{"i":[[2.92,1.334],[2.091,2.234],[1.162,3.034],[0,3.4],[0,0],[-1.163,3],[-2.058,2.234],[-2.887,1.3],[-3.453,0],[-2.922,-1.333],[-2.091,-2.233],[-1.163,-3.033],[0,-3.4],[0,0],[1.162,-3],[2.058,-2.233],[2.888,-1.3],[3.452,0]],"o":[[-2.922,-1.333],[-2.091,-2.233],[-1.163,-3.033],[0,0],[0,-3.4],[1.162,-3],[2.058,-2.233],[2.887,-1.3],[3.452,0],[2.92,1.334],[2.091,2.234],[1.162,3.034],[0,0],[0,3.4],[-1.163,3],[-2.058,2.234],[-2.887,1.3],[-3.453,0]],"v":[[33.041,-12.1],[25.522,-17.45],[20.642,-25.35],[18.9,-35],[18.9,-35.2],[20.642,-44.8],[25.472,-52.65],[32.891,-57.95],[42.4,-59.9],[51.959,-57.9],[59.477,-52.55],[64.356,-44.65],[66.1,-35],[66.1,-34.8],[64.356,-25.2],[59.527,-17.35],[52.109,-12.05],[42.6,-10.1]],"c":true},"ix":2},"nm":"O","mn":"ADBE Vector Shape - Group","hd":false},{"ind":1,"ty":"sh","ix":2,"ks":{"a":0,"k":{"i":[[-4.467,1.933],[-3.267,3.3],[-1.8,4.367],[0,4.934],[0,0],[1.8,4.367],[3.2,3.267],[4.466,1.9],[5.4,0],[4.466,-1.933],[3.266,-3.3],[1.8,-4.366],[0,-4.933],[0,0],[-1.8,-4.366],[-3.2,-3.266],[-4.467,-1.9],[-5.4,0]],"o":[[4.466,-1.933],[3.266,-3.3],[1.8,-4.366],[0,0],[0,-4.933],[-1.8,-4.366],[-3.2,-3.266],[-4.467,-1.9],[-5.4,0],[-4.467,1.934],[-3.267,3.3],[-1.8,4.367],[0,0],[0,4.934],[1.8,4.367],[3.2,3.267],[4.466,1.9],[5.4,0]],"v":[[57.2,-1.7],[68.8,-9.55],[76.4,-21.05],[79.1,-35],[79.1,-35.2],[76.4,-49.15],[68.9,-60.6],[57.4,-68.35],[42.6,-71.2],[27.8,-68.3],[16.2,-60.45],[8.6,-48.95],[5.9,-35],[5.9,-34.8],[8.6,-20.85],[16.1,-9.4],[27.6,-1.65],[42.4,1.2]],"c":true},"ix":2},"nm":"O","mn":"ADBE Vector Shape - Group","hd":false}],"nm":"O","np":5,"cix":2,"bm":0,"ix":1,"mn":"ADBE Vector Group","hd":false}]},"fFamily":"Gotham Medium"}]}