{"v":"5.5.7","meta":{"g":"LottieFiles AE 0.1.20","a":"","k":"","d":"","tc":""},"fr":29.9700012207031,"ip":0,"op":55.0000022401959,"w":720,"h":720,"nm":"Preloader 3","ddd":0,"assets":[],"layers":[{"ddd":0,"ind":1,"ty":1,"nm":"Red Solid 1","sr":1,"ks":{"o":{"a":0,"k":100,"ix":11},"r":{"a":0,"k":0,"ix":10},"p":{"a":0,"k":[360,360,0],"ix":2},"a":{"a":0,"k":[360,360,0],"ix":1},"s":{"a":0,"k":[100,100,100],"ix":6}},"ao":0,"hasMask":true,"masksProperties":[{"inv":false,"mode":"f","pt":{"a":0,"k":{"i":[[2.025,-3.182],[0,0],[1.933,-1.099],[1.026,0.041],[0,0],[1.915,1.175],[0.454,0.909],[0,0],[-0.038,2.392],[-0.588,0.95],[0,0],[-1.933,1.104],[-1.008,-0.041],[0,0],[-1.912,-1.169],[-0.455,-0.913],[0,0],[0.038,-2.378]],"o":[[0,0],[-1.086,2.01],[-1.912,1.175],[0,0],[-1.008,0.041],[-1.933,-1.099],[0,0],[-0.588,-0.952],[-0.038,-2.378],[0,0],[0.454,-0.913],[1.915,-1.169],[0,0],[1.026,-0.041],[1.933,1.104],[0,0],[0.567,0.95],[0.038,2.392]],"v":[[541.7,365.714],[454.445,524.772],[451.414,528.462],[446.824,530.153],[273.176,530.153],[268.037,528.448],[264.076,524.772],[176.841,365.714],[175.668,359.996],[176.841,354.277],[264.076,195.239],[268.037,191.543],[273.176,189.845],[446.824,189.845],[451.961,191.543],[455.922,195.239],[542.281,352.787],[544.086,359.164]],"c":true},"ix":1},"o":{"a":0,"k":100,"ix":3},"x":{"a":0,"k":0,"ix":4},"nm":"Mask 2"},{"inv":false,"mode":"f","pt":{"a":0,"k":{"i":[[0,0],[0,0],[0,0],[0,0],[0,0],[0,0],[0,0],[0,0],[0,0],[0,0]],"o":[[0,0],[0,0],[0,0],[0,0],[0,0],[0,0],[0,0],[0,0],[0,0],[0,0]],"v":[[453.062,305.486],[453.062,274.215],[360.899,220.777],[271.941,274.476],[271.941,415.65],[329.733,447.792],[352.833,432.713],[297.588,400.309],[297.588,288.893],[358.493,252.831]],"c":true},"ix":1},"o":{"a":0,"k":100,"ix":3},"x":{"a":0,"k":0,"ix":4},"nm":"Mask 3"},{"inv":false,"mode":"f","pt":{"a":0,"k":{"i":[[0,0],[0,0],[0,0],[0,0],[0,0],[0,0],[0,0],[0,0],[0,0],[0,0]],"o":[[0,0],[0,0],[0,0],[0,0],[0,0],[0,0],[0,0],[0,0],[0,0],[0,0]],"v":[[373.733,468.549],[401.561,483.697],[485.248,433.284],[485.248,332.18],[359.402,261.236],[304.79,292.096],[304.79,324.17],[360.899,290.495],[460.398,346.599],[460.02,418.193]],"c":true},"ix":1},"o":{"a":0,"k":100,"ix":3},"x":{"a":0,"k":0,"ix":4},"nm":"Mask 4"},{"inv":false,"mode":"f","pt":{"a":0,"k":{"i":[[0,0],[0,0],[0,0],[0,0],[0,0],[0,0],[0,0],[0,0],[0,0],[0,0]],"o":[[0,0],[0,0],[0,0],[0,0],[0,0],[0,0],[0,0],[0,0],[0,0],[0,0]],"v":[[264.72,318.036],[237.293,333.03],[237.254,434.693],[329.546,485.57],[453.062,412.311],[453.062,352.338],[427.872,337.846],[427.434,399.504],[329.641,456.399],[264.72,420.335]],"c":true},"ix":1},"o":{"a":0,"k":100,"ix":3},"x":{"a":0,"k":0,"ix":4},"nm":"Mask 5"}],"ef":[{"ty":22,"nm":"Stroke","np":13,"mn":"ADBE Stroke","ix":1,"en":1,"ef":[{"ty":10,"nm":"Path","mn":"ADBE Stroke-0001","ix":1,"v":{"a":0,"k":0,"ix":1}},{"ty":7,"nm":"All Masks","mn":"ADBE Stroke-0010","ix":2,"v":{"a":0,"k":1,"ix":2}},{"ty":7,"nm":"Stroke Sequentially","mn":"ADBE Stroke-0011","ix":3,"v":{"a":0,"k":0,"ix":3}},{"ty":2,"nm":"Color","mn":"ADBE Stroke-0002","ix":4,"v":{"a":0,"k":[0.968857228756,0.021950682625,0.021950682625,1],"ix":4}},{"ty":0,"nm":"Brush Size","mn":"ADBE Stroke-0003","ix":5,"v":{"a":0,"k":2,"ix":5}},{"ty":0,"nm":"Brush Hardness","mn":"ADBE Stroke-0004","ix":6,"v":{"a":0,"k":0.75,"ix":6}},{"ty":0,"nm":"Opacity","mn":"ADBE Stroke-0005","ix":7,"v":{"a":0,"k":1,"ix":7}},{"ty":0,"nm":"Start","mn":"ADBE Stroke-0008","ix":8,"v":{"a":1,"k":[{"i":{"x":[0.667],"y":[1]},"o":{"x":[0.333],"y":[0]},"t":21,"s":[0]},{"t":54.0000021994651,"s":[100]}],"ix":8}},{"ty":0,"nm":"End","mn":"ADBE Stroke-0009","ix":9,"v":{"a":1,"k":[{"i":{"x":[0.667],"y":[1]},"o":{"x":[0.333],"y":[0]},"t":0,"s":[0]},{"t":31.0000012626559,"s":[100]}],"ix":9}},{"ty":7,"nm":"Spacing","mn":"ADBE Stroke-0006","ix":10,"v":{"a":0,"k":15,"ix":10}},{"ty":7,"nm":"Paint Style","mn":"ADBE Stroke-0007","ix":11,"v":{"a":0,"k":2,"ix":11}}]}],"sw":720,"sh":720,"sc":"#de0114","ip":0,"op":318.000012952406,"st":0,"bm":0}],"markers":[]}
